loan_id,mob4_dpd,mob5_dpd,mob6_dpd,mob7_dpd,mob8_dpd,mob9_dpd,max_dpd,ever_90plus_dpd
LOAN000001,0,0,0,0,0,0,0,0
LOAN000002,111,22,32,35,69,113,113,1
LOAN000003,10,13,19,23,28,31,31,0
LOAN000004,14,24,34,63,92,136,136,1
LOAN000005,0,0,0,0,0,0,0,0
LOAN000006,23,19,12,5,0,0,23,0
LOAN000007,51,68,88,107,21,31,107,1
LOAN000008,0,0,0,0,0,0,0,0
LOAN000009,59,75,109,134,156,178,178,1
LOAN000010,68,91,109,130,159,178,178,1
LOAN000011,102,134,162,195,237,269,269,1
LOAN000012,7,10,11,14,17,21,21,0
LOAN000013,0,0,0,0,0,0,0,0
LOAN000014,4,0,0,0,0,0,4,0
LOAN000015,0,0,0,0,0,0,0,0
LOAN000016,0,0,0,0,0,0,0,0
LOAN000017,0,0,0,0,0,0,0,0
LOAN000018,0,0,0,0,0,0,0,0
LOAN000019,0,0,0,0,0,0,0,0
LOAN000020,55,60,12,22,32,48,60,0
LOAN000021,5,6,9,10,13,14,14,0
LOAN000022,0,0,0,0,0,0,0,0
LOAN000023,0,0,0,0,0,0,0,0
LOAN000024,0,0,0,0,0,0,0,0
LOAN000025,37,49,46,26,36,48,49,0
LOAN000026,0,0,0,0,0,0,0,0
LOAN000027,0,0,0,0,0,0,0,0
LOAN000028,0,0,0,0,0,0,0,0
LOAN000029,0,0,0,0,0,0,0,0
LOAN000030,117,23,53,85,124,178,178,1
LOAN000031,0,0,0,0,0,0,0,0
LOAN000032,52,49,68,93,108,141,141,1
LOAN000033,10,12,15,18,22,27,27,0
LOAN000034,0,0,0,0,0,0,0,0
LOAN000035,6,9,11,12,14,16,16,0
LOAN000036,4,5,6,8,9,10,10,0
LOAN000037,2,3,5,5,6,7,7,0
LOAN000038,0,0,0,0,0,0,0,0
LOAN000039,0,0,0,0,0,0,0,0
LOAN000040,0,0,0,0,0,0,0,0
LOAN000041,0,0,0,0,0,0,0,0
LOAN000042,18,10,5,0,0,0,18,0
LOAN000043,0,0,0,0,0,0,0,0
LOAN000044,4,6,8,10,11,12,12,0
LOAN000045,0,0,0,0,0,0,0,0
LOAN000046,28,37,15,23,31,38,38,0
LOAN000047,0,0,0,0,0,0,0,0
LOAN000048,0,0,0,0,0,0,0,0
LOAN000049,8,11,13,15,17,20,20,0
LOAN000050,4,0,0,0,0,0,4,0
LOAN000051,64,95,122,24,34,41,122,1
LOAN000052,7,5,1,0,0,0,7,0
LOAN000053,0,0,0,0,0,0,0,0
LOAN000054,128,164,215,264,314,62,314,1
LOAN000055,72,91,108,21,31,44,108,1
LOAN000056,0,0,0,0,0,0,0,0
LOAN000057,5,6,7,10,13,14,14,0
LOAN000058,0,0,0,0,0,0,0,0
LOAN000059,34,29,33,38,43,21,43,0
LOAN000060,16,26,36,75,124,155,155,1
LOAN000061,96,130,152,184,209,245,245,1
LOAN000062,9,12,14,16,21,25,25,0
LOAN000063,52,74,99,124,155,184,184,1
LOAN000064,11,13,17,22,25,27,27,0
LOAN000065,0,0,0,0,0,0,0,0
LOAN000066,149,182,215,260,295,330,330,1
LOAN000067,0,0,0,0,0,0,0,0
LOAN000068,14,18,21,24,30,7,30,0
LOAN000069,0,0,0,0,0,0,0,0
LOAN000070,89,131,168,197,244,277,277,1
LOAN000071,0,0,0,0,0,0,0,0
LOAN000072,6,8,10,12,14,16,16,0
LOAN000073,8,10,12,14,17,21,21,0
LOAN000074,0,0,0,0,0,0,0,0
LOAN000075,83,92,100,107,122,142,142,1
LOAN000076,19,26,31,38,46,35,46,0
LOAN000077,28,25,19,15,10,7,28,0
LOAN000078,128,171,204,252,50,63,252,1
LOAN000079,0,0,0,0,0,0,0,0
LOAN000080,52,62,82,108,119,135,135,1
LOAN000081,4,5,6,7,9,10,10,0
LOAN000082,76,115,155,201,236,265,265,1
LOAN000083,12,15,20,23,28,33,33,0
LOAN000084,0,0,0,0,0,0,0,0
LOAN000085,9,6,1,0,0,0,9,0
LOAN000086,4,5,6,7,8,10,10,0
LOAN000087,0,0,0,0,0,0,0,0
LOAN000088,0,0,0,0,0,0,0,0
LOAN000089,92,125,145,167,33,30,167,1
LOAN000090,153,204,244,301,349,399,399,1
LOAN000091,86,17,27,37,42,60,86,0
LOAN000092,0,0,0,0,0,0,0,0
LOAN000093,0,0,0,0,0,0,0,0
LOAN000094,39,52,64,78,92,18,92,1
LOAN000095,3,4,4,5,6,7,7,0
LOAN000096,5,0,0,0,0,0,5,0
LOAN000097,148,190,236,281,338,397,397,1
LOAN000098,6,8,9,11,13,14,14,0
LOAN000099,0,0,0,0,0,0,0,0
LOAN000100,0,0,0,0,0,0,0,0
LOAN000101,0,0,0,0,0,0,0,0
LOAN000102,104,139,189,37,64,96,189,1
LOAN000103,88,110,132,162,174,196,196,1
LOAN000104,69,90,110,141,165,184,184,1
LOAN000105,4,5,6,7,8,10,10,0
LOAN000106,0,0,0,0,0,0,0,0
LOAN000107,0,0,0,0,0,0,0,0
LOAN000108,70,81,98,102,107,121,121,1
LOAN000109,118,147,177,35,70,104,177,1
LOAN000110,0,0,0,0,0,0,0,0
LOAN000111,111,161,188,222,267,307,307,1
LOAN000112,76,106,129,157,191,220,220,1
LOAN000113,28,32,35,39,42,45,45,0
LOAN000114,104,136,164,207,233,270,270,1
LOAN000115,0,0,0,0,0,0,0,0
LOAN000116,45,53,79,108,137,159,159,1
LOAN000117,93,116,23,40,57,73,116,1
LOAN000118,13,8,4,0,0,0,13,0
LOAN000119,5,8,10,12,14,15,15,0
LOAN000120,35,55,76,96,129,164,164,1
LOAN000121,0,0,0,0,0,0,0,0
LOAN000122,7,0,0,0,0,0,7,0
LOAN000123,0,0,0,0,0,0,0,0
LOAN000124,95,136,167,195,221,251,251,1
LOAN000125,34,41,62,88,121,142,142,1
LOAN000126,109,150,30,45,83,116,150,1
LOAN000127,4,6,7,9,11,12,12,0
LOAN000128,47,50,50,65,83,100,100,1
LOAN000129,12,16,18,23,25,28,28,0
LOAN000130,63,82,103,133,151,181,181,1
LOAN000131,35,23,33,50,62,86,86,0
LOAN000132,0,0,0,0,0,0,0,0
LOAN000133,0,0,0,0,0,0,0,0
LOAN000134,0,0,0,0,0,0,0,0
LOAN000135,159,215,267,339,392,459,459,1
LOAN000136,83,122,24,34,63,97,122,1
LOAN000137,56,60,12,22,32,34,60,0
LOAN000138,57,75,94,110,130,163,163,1
LOAN000139,13,17,21,23,27,29,29,0
LOAN000140,5,7,8,9,11,13,13,0
LOAN000141,0,0,0,0,0,0,0,0
LOAN000142,1,1,2,2,3,3,3,0
LOAN000143,13,17,23,26,31,36,36,0
LOAN000144,0,0,0,0,0,0,0,0
LOAN000145,59,86,115,142,172,204,204,1
LOAN000146,105,136,27,48,55,77,136,1
LOAN000147,0,0,0,0,0,0,0,0
LOAN000148,13,19,24,28,31,35,35,0
LOAN000149,0,0,0,0,0,0,0,0
LOAN000150,0,0,0,0,0,0,0,0
LOAN000151,7,9,11,15,16,21,21,0
LOAN000152,0,0,0,0,0,0,0,0
LOAN000153,0,0,0,0,0,0,0,0
LOAN000154,1,2,2,3,3,4,4,0
LOAN000155,26,34,16,23,30,38,38,0
LOAN000156,6,8,11,12,15,16,16,0
LOAN000157,13,10,8,6,4,2,13,0
LOAN000158,83,116,156,195,232,270,270,1
LOAN000159,0,0,0,0,0,0,0,0
LOAN000160,8,12,16,19,23,26,26,0
LOAN000161,0,0,0,0,0,0,0,0
LOAN000162,0,0,0,0,0,0,0,0
LOAN000163,1,2,2,2,3,3,3,0
LOAN000164,124,24,34,79,15,60,124,1
LOAN000165,103,123,154,177,203,227,227,1
LOAN000166,37,47,40,54,65,87,87,0
LOAN000167,100,136,173,34,44,67,173,1
LOAN000168,0,0,0,0,0,0,0,0
LOAN000169,0,0,0,0,0,0,0,0
LOAN000170,4,6,7,8,9,11,11,0
LOAN000171,0,0,0,0,0,0,0,0
LOAN000172,0,0,0,0,0,0,0,0
LOAN000173,2,2,2,2,2,2,2,0
LOAN000174,11,13,17,19,21,23,23,0
LOAN000175,56,69,97,113,131,26,131,1
LOAN000176,8,12,15,19,23,26,26,0
LOAN000177,64,94,120,24,34,59,120,1
LOAN000178,0,0,0,0,0,0,0,0
LOAN000179,13,18,22,26,30,34,34,0
LOAN000180,5,7,9,12,14,15,15,0
LOAN000181,0,0,0,0,0,0,0,0
LOAN000182,22,20,19,18,17,16,22,0
LOAN000183,0,0,0,0,0,0,0,0
LOAN000184,0,0,0,0,0,0,0,0
LOAN000185,1,2,2,2,3,3,3,0
LOAN000186,10,14,18,22,25,27,27,0
LOAN000187,63,12,22,48,53,59,63,0
LOAN000188,0,0,0,0,0,0,0,0
LOAN000189,65,88,102,113,126,138,138,1
LOAN000190,0,0,0,0,0,0,0,0
LOAN000191,32,27,37,48,39,48,48,0
LOAN000192,0,0,0,0,0,0,0,0
LOAN000193,0,0,0,0,0,0,0,0
LOAN000194,79,102,113,124,133,143,143,1
LOAN000195,44,57,69,84,96,112,112,1
LOAN000196,5,4,3,3,2,1,5,0
LOAN000197,112,146,186,215,246,287,287,1
LOAN000198,47,52,58,64,75,82,82,0
LOAN000199,0,0,0,0,0,0,0,0
LOAN000200,0,0,0,0,0,0,0,0
LOAN000201,22,19,17,14,11,9,22,0
LOAN000202,0,0,0,0,0,0,0,0
LOAN000203,0,0,0,0,0,0,0,0
LOAN000204,44,37,52,53,54,68,68,0
LOAN000205,1,0,0,0,0,0,1,0
LOAN000206,34,32,46,62,85,116,116,1
LOAN000207,124,162,208,257,295,341,341,1
LOAN000208,131,173,228,276,336,381,381,1
LOAN000209,5,7,10,12,14,16,16,0
LOAN000210,11,15,18,21,24,29,29,0
LOAN000211,8,13,16,20,25,30,30,0
LOAN000212,2,4,4,5,6,7,7,0
LOAN000213,0,0,0,0,0,0,0,0
LOAN000214,98,148,196,229,260,289,289,1
LOAN000215,0,0,0,0,0,0,0,0
LOAN000216,119,159,193,235,282,315,315,1
LOAN000217,37,42,45,26,29,33,45,0
LOAN000218,12,12,11,11,11,10,12,0
LOAN000219,13,18,24,30,34,38,38,0
LOAN000220,4,5,6,7,8,10,10,0
LOAN000221,5,7,9,11,12,15,15,0
LOAN000222,62,82,121,142,28,38,142,1
LOAN000223,0,0,0,0,0,0,0,0
LOAN000224,84,95,19,25,32,25,95,1
LOAN000225,0,0,0,0,0,0,0,0
LOAN000226,0,0,0,0,0,0,0,0
LOAN000227,0,0,0,0,0,0,0,0
LOAN000228,0,0,0,0,0,0,0,0
LOAN000229,0,0,0,0,0,0,0,0
LOAN000230,4,1,0,0,0,0,4,0
LOAN000231,4,5,7,9,10,12,12,0
LOAN000232,2,3,3,4,5,6,6,0
LOAN000233,0,0,0,0,0,0,0,0
LOAN000234,0,0,0,0,0,0,0,0
LOAN000235,36,50,65,80,93,116,116,1
LOAN000236,47,45,58,74,90,116,116,1
LOAN000237,124,146,181,208,231,254,254,1
LOAN000238,0,0,0,0,0,0,0,0
LOAN000239,87,118,153,194,241,281,281,1
LOAN000240,93,113,134,163,196,218,218,1
LOAN000241,38,58,64,94,120,144,144,1
LOAN000242,62,78,100,129,163,183,183,1
LOAN000243,165,212,42,77,124,179,212,1
LOAN000244,0,0,0,0,0,0,0,0
LOAN000245,71,14,24,34,53,68,71,0
LOAN000246,0,0,0,0,0,0,0,0
LOAN000247,42,54,50,64,80,93,93,1
LOAN000248,9,11,15,18,20,24,24,0
LOAN000249,3,0,0,0,0,0,3,0
LOAN000250,0,0,0,0,0,0,0,0
LOAN000251,0,0,0,0,0,0,0,0
LOAN000252,0,0,0,0,0,0,0,0
LOAN000253,66,89,117,23,33,28,117,1
LOAN000254,0,0,0,0,0,0,0,0
LOAN000255,43,66,85,105,126,144,144,1
LOAN000256,0,0,0,0,0,0,0,0
LOAN000257,0,0,0,0,0,0,0,0
LOAN000258,119,157,190,214,244,284,284,1
LOAN000259,0,0,0,0,0,0,0,0
LOAN000260,0,0,0,0,0,0,0,0
LOAN000261,1,2,2,3,3,3,3,0
LOAN000262,51,38,40,43,45,48,51,0
LOAN000263,21,30,21,26,30,36,36,0
LOAN000264,0,0,0,0,0,0,0,0
LOAN000265,140,185,219,250,293,337,337,1
LOAN000266,12,16,18,21,26,29,29,0
LOAN000267,4,5,7,9,9,11,11,0
LOAN000268,63,88,122,144,167,201,201,1
LOAN000269,157,208,41,71,113,169,208,1
LOAN000270,0,0,0,0,0,0,0,0
LOAN000271,0,0,0,0,0,0,0,0
LOAN000272,4,5,7,9,10,12,12,0
LOAN000273,7,10,13,15,19,22,22,0
LOAN000274,15,14,12,10,9,7,15,0
LOAN000275,47,22,23,25,27,28,47,0
LOAN000276,51,62,82,16,26,36,82,0
LOAN000277,0,0,0,0,0,0,0,0
LOAN000278,7,10,13,15,19,21,21,0
LOAN000279,44,49,56,62,69,75,75,0
LOAN000280,3,3,5,6,7,8,8,0
LOAN000281,9,11,15,18,23,26,26,0
LOAN000282,111,154,200,253,50,76,253,1
LOAN000283,0,0,0,0,0,0,0,0
LOAN000284,4,2,1,0,0,0,4,0
LOAN000285,0,0,0,0,0,0,0,0
LOAN000286,4,0,0,0,0,0,4,0
LOAN000287,4,5,7,9,11,12,12,0
LOAN000288,0,0,0,0,0,0,0,0
LOAN000289,0,0,0,0,0,0,0,0
LOAN000290,3,3,5,6,6,7,7,0
LOAN000291,0,0,0,0,0,0,0,0
LOAN000292,75,113,136,174,205,236,236,1
LOAN000293,112,150,175,205,244,275,275,1
LOAN000294,0,0,0,0,0,0,0,0
LOAN000295,11,15,19,24,28,30,30,0
LOAN000296,22,19,15,11,4,0,22,0
LOAN000297,48,49,67,102,135,164,164,1
LOAN000298,8,9,14,15,17,19,19,0
LOAN000299,0,0,0,0,0,0,0,0
LOAN000300,12,18,25,29,32,36,36,0
LOAN000301,24,32,48,65,13,29,65,0
LOAN000302,1,2,2,3,3,4,4,0
LOAN000303,9,11,14,17,19,22,22,0
LOAN000304,58,75,112,147,171,202,202,1
LOAN000305,50,71,92,118,146,173,173,1
LOAN000306,121,170,219,272,324,384,384,1
LOAN000307,0,0,0,0,0,0,0,0
LOAN000308,119,23,33,63,114,166,166,1
LOAN000309,132,162,186,37,44,40,186,1
LOAN000310,68,89,116,137,159,31,159,1
LOAN000311,37,50,62,77,95,112,112,1
LOAN000312,0,0,0,0,0,0,0,0
LOAN000313,71,14,38,35,62,101,101,1
LOAN000314,143,199,249,49,87,149,249,1
LOAN000315,0,0,0,0,0,0,0,0
LOAN000316,18,21,24,29,35,12,35,0
LOAN000317,8,11,12,14,17,20,20,0
LOAN000318,55,67,77,95,116,127,127,1
LOAN000319,0,0,0,0,0,0,0,0
LOAN000320,0,0,0,0,0,0,0,0
LOAN000321,34,44,55,43,42,56,56,0
LOAN000322,0,0,0,0,0,0,0,0
LOAN000323,20,21,23,23,24,25,25,0
LOAN000324,7,8,12,14,16,19,19,0
LOAN000325,0,0,0,0,0,0,0,0
LOAN000326,0,0,0,0,0,0,0,0
LOAN000327,88,117,146,164,201,223,223,1
LOAN000328,0,0,0,0,0,0,0,0
LOAN000329,0,0,0,0,0,0,0,0
LOAN000330,4,7,8,9,10,12,12,0
LOAN000331,0,0,0,0,0,0,0,0
LOAN000332,0,0,0,0,0,0,0,0
LOAN000333,0,0,0,0,0,0,0,0
LOAN000334,134,26,36,56,92,153,153,1
LOAN000335,79,15,41,57,71,101,101,1
LOAN000336,0,0,0,0,0,0,0,0
LOAN000337,13,23,33,52,60,92,92,1
LOAN000338,0,0,0,0,0,0,0,0
LOAN000339,106,131,160,194,38,67,194,1
LOAN000340,0,0,0,0,0,0,0,0
LOAN000341,0,0,0,0,0,0,0,0
LOAN000342,3,1,0,0,0,0,3,0
LOAN000343,0,0,0,0,0,0,0,0
LOAN000344,99,135,170,206,247,278,278,1
LOAN000345,4,0,0,0,0,0,4,0
LOAN000346,21,29,36,42,33,40,42,0
LOAN000347,0,0,0,0,0,0,0,0
LOAN000348,0,0,0,0,0,0,0,0
LOAN000349,0,0,0,0,0,0,0,0
LOAN000350,0,0,0,0,0,0,0,0
LOAN000351,0,0,0,0,0,0,0,0
LOAN000352,8,11,13,16,18,21,21,0
LOAN000353,114,149,196,236,268,319,319,1
LOAN000354,0,0,0,0,0,0,0,0
LOAN000355,0,0,0,0,0,0,0,0
LOAN000356,0,0,0,0,0,0,0,0
LOAN000357,8,11,15,18,20,23,23,0
LOAN000358,16,61,124,174,223,271,271,1
LOAN000359,48,58,54,47,58,67,67,0
LOAN000360,116,149,198,243,48,66,243,1
LOAN000361,0,0,0,0,0,0,0,0
LOAN000362,0,0,0,0,0,0,0,0
LOAN000363,104,131,168,207,246,276,276,1
LOAN000364,11,14,17,22,27,30,30,0
LOAN000365,66,93,121,147,168,192,192,1
LOAN000366,2,3,4,5,6,7,7,0
LOAN000367,0,0,0,0,0,0,0,0
LOAN000368,40,32,42,31,40,51,51,0
LOAN000369,11,15,18,20,24,29,29,0
LOAN000370,1,2,2,3,3,4,4,0
LOAN000371,0,0,0,0,0,0,0,0
LOAN000372,0,0,0,0,0,0,0,0
LOAN000373,0,0,0,0,0,0,0,0
LOAN000374,0,0,0,0,0,0,0,0
LOAN000375,5,8,11,12,14,16,16,0
LOAN000376,0,0,0,0,0,0,0,0
LOAN000377,0,0,0,0,0,0,0,0
LOAN000378,0,0,0,0,0,0,0,0
LOAN000379,33,32,45,56,67,13,67,0
LOAN000380,7,9,11,14,16,17,17,0
LOAN000381,109,148,184,229,262,303,303,1
LOAN000382,75,116,154,179,220,245,245,1
LOAN000383,3,5,7,9,11,13,13,0
LOAN000384,9,13,16,20,22,25,25,0
LOAN000385,9,11,15,17,21,23,23,0
LOAN000386,9,12,16,20,24,28,28,0
LOAN000387,12,17,20,22,27,31,31,0
LOAN000388,15,25,35,47,63,101,101,1
LOAN000389,0,0,0,0,0,0,0,0
LOAN000390,0,0,0,0,0,0,0,0
LOAN000391,3,3,5,5,6,7,7,0
LOAN000392,21,26,36,29,36,44,44,0
LOAN000393,61,80,16,26,46,54,80,0
LOAN000394,11,14,17,21,24,28,28,0
LOAN000395,19,29,39,59,84,119,119,1
LOAN000396,0,0,0,0,0,0,0,0
LOAN000397,0,0,0,0,0,0,0,0
LOAN000398,1,1,2,3,3,3,3,0
LOAN000399,177,232,281,333,366,73,366,1
LOAN000400,1,2,2,3,4,4,4,0
LOAN000401,0,0,0,0,0,0,0,0
LOAN000402,0,0,0,0,0,0,0,0
LOAN000403,0,0,0,0,0,0,0,0
LOAN000404,0,0,0,0,0,0,0,0
LOAN000405,137,164,211,236,263,291,291,1
LOAN000406,0,0,0,0,0,0,0,0
LOAN000407,8,11,14,17,19,23,23,0
LOAN000408,0,0,0,0,0,0,0,0
LOAN000409,29,39,50,60,75,96,96,1
LOAN000410,51,72,96,123,143,166,166,1
LOAN000411,0,0,0,0,0,0,0,0
LOAN000412,40,37,34,30,26,23,40,0
LOAN000413,16,26,36,62,99,123,123,1
LOAN000414,83,109,155,187,234,268,268,1
LOAN000415,0,0,0,0,0,0,0,0
LOAN000416,0,0,0,0,0,0,0,0
LOAN000417,0,0,0,0,0,0,0,0
LOAN000418,0,0,0,0,0,0,0,0
LOAN000419,0,0,0,0,0,0,0,0
LOAN000420,10,13,17,21,25,29,29,0
LOAN000421,0,0,0,0,0,0,0,0
LOAN000422,82,103,116,133,145,160,160,1
LOAN000423,0,0,0,0,0,0,0,0
LOAN000424,66,97,122,162,202,226,226,1
LOAN000425,162,200,236,290,330,66,330,1
LOAN000426,8,9,12,14,16,18,18,0
LOAN000427,103,130,159,189,215,236,236,1
LOAN000428,8,9,12,14,17,20,20,0
LOAN000429,0,0,0,0,0,0,0,0
LOAN000430,13,17,21,28,32,36,36,0
LOAN000431,84,118,156,193,236,282,282,1
LOAN000432,4,5,6,8,9,11,11,0
LOAN000433,12,15,21,25,28,34,34,0
LOAN000434,94,121,149,178,199,227,227,1
LOAN000435,1,1,2,2,3,3,3,0
LOAN000436,0,0,0,0,0,0,0,0
LOAN000437,8,10,13,15,18,23,23,0
LOAN000438,95,120,156,177,211,235,235,1
LOAN000439,0,0,0,0,0,0,0,0
LOAN000440,14,46,54,75,106,21,106,1
LOAN000441,0,0,0,0,0,0,0,0
LOAN000442,36,34,33,47,61,91,91,1
LOAN000443,103,131,168,202,40,44,202,1
LOAN000444,50,78,105,150,190,38,190,1
LOAN000445,58,48,70,106,129,158,158,1
LOAN000446,0,0,0,0,0,0,0,0
LOAN000447,136,173,205,243,280,318,318,1
LOAN000448,14,10,8,4,0,0,14,0
LOAN000449,7,10,11,13,16,19,19,0
LOAN000450,9,11,16,20,24,26,26,0
LOAN000451,0,0,0,0,0,0,0,0
LOAN000452,7,11,15,18,20,22,22,0
LOAN000453,0,0,0,0,0,0,0,0
LOAN000454,5,6,8,9,10,11,11,0
LOAN000455,0,0,0,0,0,0,0,0
LOAN000456,0,0,0,0,0,0,0,0
LOAN000457,4,0,0,0,0,0,4,0
LOAN000458,0,0,0,0,0,0,0,0
LOAN000459,11,16,20,25,28,33,33,0
LOAN000460,37,57,78,15,47,72,78,0
LOAN000461,12,14,18,24,28,30,30,0
LOAN000462,48,67,88,111,133,157,157,1
LOAN000463,1,1,2,2,3,4,4,0
LOAN000464,74,102,130,158,187,226,226,1
LOAN000465,0,0,0,0,0,0,0,0
LOAN000466,51,66,98,124,24,34,124,1
LOAN000467,107,126,25,35,50,70,126,1
LOAN000468,9,13,16,20,24,27,27,0
LOAN000469,86,122,153,185,210,42,210,1
LOAN000470,0,0,0,0,0,0,0,0
LOAN000471,0,0,0,0,0,0,0,0
LOAN000472,4,6,7,9,10,11,11,0
LOAN000473,82,118,154,179,212,247,247,1
LOAN000474,30,29,27,25,23,22,30,0
LOAN000475,8,9,12,13,18,19,19,0
LOAN000476,62,83,121,154,177,210,210,1
LOAN000477,8,11,13,15,17,20,20,0
LOAN000478,4,5,7,8,10,12,12,0
LOAN000479,0,0,0,0,0,0,0,0
LOAN000480,59,80,104,125,25,44,125,1
LOAN000481,5,6,9,11,13,15,15,0
LOAN000482,0,0,0,0,0,0,0,0
LOAN000483,0,0,0,0,0,0,0,0
LOAN000484,84,107,137,169,188,221,221,1
LOAN000485,0,0,0,0,0,0,0,0
LOAN000486,112,148,167,187,206,41,206,1
LOAN000487,6,8,10,12,14,16,16,0
LOAN000488,0,0,0,0,0,0,0,0
LOAN000489,77,104,132,155,191,38,191,1
LOAN000490,5,5,6,6,7,7,7,0
LOAN000491,7,10,13,14,17,19,19,0
LOAN000492,0,0,0,0,0,0,0,0
LOAN000493,0,0,0,0,0,0,0,0
LOAN000494,0,0,0,0,0,0,0,0
LOAN000495,98,138,175,206,242,270,270,1
LOAN000496,12,16,19,21,26,31,31,0
LOAN000497,97,19,29,56,85,118,118,1
LOAN000498,11,14,18,21,24,30,30,0
LOAN000499,31,35,51,68,95,113,113,1
LOAN000500,0,0,0,0,0,0,0,0
LOAN000501,12,16,18,21,26,31,31,0
LOAN000502,8,11,13,17,19,22,22,0
LOAN000503,11,13,18,22,27,32,32,0
LOAN000504,3,4,5,6,7,7,7,0
LOAN000505,42,40,35,57,76,102,102,1
LOAN000506,24,30,36,42,21,28,42,0
LOAN000507,0,0,0,0,0,0,0,0
LOAN000508,65,81,99,116,132,159,159,1
LOAN000509,53,66,79,106,21,40,106,1
LOAN000510,3,4,5,6,7,8,8,0
LOAN000511,39,54,69,84,100,130,130,1
LOAN000512,0,0,0,0,0,0,0,0
LOAN000513,0,0,0,0,0,0,0,0
LOAN000514,54,72,97,115,130,159,159,1
LOAN000515,12,17,21,25,32,13,32,0
LOAN000516,0,0,0,0,0,0,0,0
LOAN000517,158,207,250,303,358,406,406,1
LOAN000518,82,105,123,143,169,198,198,1
LOAN000519,15,25,45,59,56,70,70,0
LOAN000520,49,35,32,9,7,5,49,0
LOAN000521,115,153,183,208,252,279,279,1
LOAN000522,0,0,0,0,0,0,0,0
LOAN000523,0,0,0,0,0,0,0,0
LOAN000524,2,3,4,5,6,7,7,0
LOAN000525,8,10,11,14,17,20,20,0
LOAN000526,27,37,41,58,73,14,73,0
LOAN000527,22,30,36,41,47,54,54,0
LOAN000528,0,0,0,0,0,0,0,0
LOAN000529,0,0,0,0,0,0,0,0
LOAN000530,114,146,29,39,56,73,146,1
LOAN000531,0,0,0,0,0,0,0,0
LOAN000532,10,15,19,22,26,28,28,0
LOAN000533,0,0,0,0,0,0,0,0
LOAN000534,56,77,107,124,140,28,140,1
LOAN000535,72,111,141,166,191,38,191,1
LOAN000536,1,1,2,2,3,3,3,0
LOAN000537,0,0,0,0,0,0,0,0
LOAN000538,97,134,179,229,264,306,306,1
LOAN000539,0,0,0,0,0,0,0,0
LOAN000540,1,0,0,0,0,0,1,0
LOAN000541,0,0,0,0,0,0,0,0
LOAN000542,120,156,198,39,72,106,198,1
LOAN000543,134,172,219,266,314,367,367,1
LOAN000544,75,101,128,149,167,197,197,1
LOAN000545,1,2,2,3,3,4,4,0
LOAN000546,45,64,82,113,133,166,166,1
LOAN000547,10,12,14,17,19,23,23,0
LOAN000548,0,0,0,0,0,0,0,0
LOAN000549,0,0,0,0,0,0,0,0
LOAN000550,6,7,9,10,12,15,15,0
LOAN000551,77,15,25,35,47,43,77,0
LOAN000552,0,0,0,0,0,0,0,0
LOAN000553,149,187,225,270,319,378,378,1
LOAN000554,9,12,14,17,21,24,24,0
LOAN000555,0,0,0,0,0,0,0,0
LOAN000556,0,0,0,0,0,0,0,0
LOAN000557,25,24,24,23,23,23,25,0
LOAN000558,12,14,16,20,22,27,27,0
LOAN000559,7,11,14,15,17,21,21,0
LOAN000560,52,65,85,113,127,142,142,1
LOAN000561,16,13,8,3,0,0,16,0
LOAN000562,0,0,0,0,0,0,0,0
LOAN000563,0,0,0,0,0,0,0,0
LOAN000564,0,0,0,0,0,0,0,0
LOAN000565,6,9,11,14,15,17,17,0
LOAN000566,10,12,15,19,23,28,28,0
LOAN000567,5,6,7,9,12,13,13,0
LOAN000568,12,18,22,24,29,33,33,0
LOAN000569,68,105,125,144,165,197,197,1
LOAN000570,0,0,0,0,0,0,0,0
LOAN000571,0,0,0,0,0,0,0,0
LOAN000572,2,4,5,6,7,8,8,0
LOAN000573,41,60,93,121,142,28,142,1
LOAN000574,14,20,24,29,35,39,39,0
LOAN000575,6,9,12,13,15,17,17,0
LOAN000576,49,45,60,84,102,119,119,1
LOAN000577,84,120,156,31,62,91,156,1
LOAN000578,19,29,39,51,62,80,80,0
LOAN000579,26,25,25,25,24,23,26,0
LOAN000580,0,0,0,0,0,0,0,0
LOAN000581,0,0,0,0,0,0,0,0
LOAN000582,0,0,0,0,0,0,0,0
LOAN000583,12,17,22,27,29,35,35,0
LOAN000584,16,26,36,71,128,178,178,1
LOAN000585,0,0,0,0,0,0,0,0
LOAN000586,139,205,263,331,390,455,455,1
LOAN000587,0,0,0,0,0,0,0,0
LOAN000588,13,23,33,29,39,62,62,0
LOAN000589,14,20,27,35,39,45,45,0
LOAN000590,0,0,0,0,0,0,0,0
LOAN000591,123,165,204,40,78,119,204,1
LOAN000592,0,0,0,0,0,0,0,0
LOAN000593,0,0,0,0,0,0,0,0
LOAN000594,0,0,0,0,0,0,0,0
LOAN000595,45,62,84,108,126,152,152,1
LOAN000596,37,36,48,61,82,97,97,1
LOAN000597,0,0,0,0,0,0,0,0
LOAN000598,45,43,34,48,66,81,81,0
LOAN000599,17,23,28,34,24,32,34,0
LOAN000600,0,0,0,0,0,0,0,0
LOAN000601,0,0,0,0,0,0,0,0
LOAN000602,0,0,0,0,0,0,0,0
LOAN000603,0,0,0,0,0,0,0,0
LOAN000604,1,1,2,3,3,3,3,0
LOAN000605,1,1,2,3,3,4,4,0
LOAN000606,10,14,16,20,24,27,27,0
LOAN000607,10,14,18,22,27,31,31,0
LOAN000608,0,0,0,0,0,0,0,0
LOAN000609,0,0,0,0,0,0,0,0
LOAN000610,0,0,0,0,0,0,0,0
LOAN000611,0,0,0,0,0,0,0,0
LOAN000612,13,18,24,27,30,34,34,0
LOAN000613,9,11,14,15,18,20,20,0
LOAN000614,12,15,20,24,29,32,32,0
LOAN000615,16,14,11,10,7,6,16,0
LOAN000616,0,0,0,0,0,0,0,0
LOAN000617,51,58,64,85,93,108,108,1
LOAN000618,0,0,0,0,0,0,0,0
LOAN000619,7,8,11,13,15,18,18,0
LOAN000620,0,0,0,0,0,0,0,0
LOAN000621,0,0,0,0,0,0,0,0
LOAN000622,68,90,18,28,38,59,90,1
LOAN000623,0,0,0,0,0,0,0,0
LOAN000624,99,113,137,157,184,36,184,1
LOAN000625,86,117,23,55,86,124,124,1
LOAN000626,95,125,167,208,247,292,292,1
LOAN000627,12,22,32,55,75,111,111,1
LOAN000628,24,33,22,28,37,45,45,0
LOAN000629,2,4,5,6,6,7,7,0
LOAN000630,49,70,101,20,30,51,101,1
LOAN000631,3,4,5,6,7,8,8,0
LOAN000632,74,100,120,140,169,199,199,1
LOAN000633,37,24,36,34,19,29,37,0
LOAN000634,36,58,75,97,122,24,122,1
LOAN000635,0,0,0,0,0,0,0,0
LOAN000636,8,12,14,15,18,21,21,0
LOAN000637,14,21,27,32,36,41,41,0
LOAN000638,5,7,10,12,14,16,16,0
LOAN000639,29,28,28,27,27,27,29,0
LOAN000640,0,0,0,0,0,0,0,0
LOAN000641,0,0,0,0,0,0,0,0
LOAN000642,93,118,128,151,30,28,151,1
LOAN000643,0,0,0,0,0,0,0,0
LOAN000644,0,0,0,0,0,0,0,0
LOAN000645,0,0,0,0,0,0,0,0
LOAN000646,59,64,71,81,86,101,101,1
LOAN000647,0,0,0,0,0,0,0,0
LOAN000648,14,16,20,23,27,32,32,0
LOAN000649,43,27,37,50,62,78,78,0
LOAN000650,0,0,0,0,0,0,0,0
LOAN000651,103,135,168,200,229,272,272,1
LOAN000652,1,1,2,2,3,3,3,0
LOAN000653,62,97,128,156,200,229,229,1
LOAN000654,3,3,4,6,6,7,7,0
LOAN000655,11,14,20,23,26,31,31,0
LOAN000656,63,12,33,56,53,56,63,0
LOAN000657,9,11,14,16,19,22,22,0
LOAN000658,46,60,79,94,108,138,138,1
LOAN000659,68,82,99,115,132,149,149,1
LOAN000660,4,5,6,8,9,11,11,0
LOAN000661,108,21,31,53,77,118,118,1
LOAN000662,23,24,25,26,27,29,29,0
LOAN000663,27,28,29,30,31,32,32,0
LOAN000664,49,47,46,44,43,41,49,0
LOAN000665,12,17,20,24,30,34,34,0
LOAN000666,0,0,0,0,0,0,0,0
LOAN000667,5,6,9,11,13,14,14,0
LOAN000668,10,6,1,0,0,0,10,0
LOAN000669,0,0,0,0,0,0,0,0
LOAN000670,0,0,0,0,0,0,0,0
LOAN000671,98,145,173,205,248,279,279,1
LOAN000672,0,0,0,0,0,0,0,0
LOAN000673,70,105,130,162,190,223,223,1
LOAN000674,54,63,82,113,137,160,160,1
LOAN000675,0,0,0,0,0,0,0,0
LOAN000676,11,14,18,20,23,29,29,0
LOAN000677,12,40,60,91,121,24,121,1
LOAN000678,0,0,0,0,0,0,0,0
LOAN000679,42,58,72,88,108,131,131,1
LOAN000680,14,18,23,29,33,38,38,0
LOAN000681,25,26,27,29,30,31,31,0
LOAN000682,1,1,2,2,3,3,3,0
LOAN000683,0,0,0,0,0,0,0,0
LOAN000684,2,3,4,4,6,6,6,0
LOAN000685,5,7,8,11,14,15,15,0
LOAN000686,0,0,0,0,0,0,0,0
LOAN000687,0,0,0,0,0,0,0,0
LOAN000688,56,89,132,159,188,216,216,1
LOAN000689,2,1,0,0,0,0,2,0
LOAN000690,134,170,209,41,71,111,209,1
LOAN000691,0,0,0,0,0,0,0,0
LOAN000692,0,0,0,0,0,0,0,0
LOAN000693,0,0,0,0,0,0,0,0
LOAN000694,0,0,0,0,0,0,0,0
LOAN000695,0,0,0,0,0,0,0,0
LOAN000696,98,125,150,186,212,238,238,1
LOAN000697,48,59,78,15,25,35,78,0
LOAN000698,13,16,19,25,29,34,34,0
LOAN000699,9,11,14,18,22,25,25,0
LOAN000700,135,172,215,256,301,345,345,1
LOAN000701,109,144,176,201,242,274,274,1
LOAN000702,0,0,0,0,0,0,0,0
LOAN000703,3,5,7,8,9,11,11,0
LOAN000704,1,1,2,2,3,3,3,0
LOAN000705,0,0,0,0,0,0,0,0
LOAN000706,0,0,0,0,0,0,0,0
LOAN000707,0,0,0,0,0,0,0,0
LOAN000708,0,0,0,0,0,0,0,0
LOAN000709,97,140,28,38,66,113,140,1
LOAN000710,21,19,18,17,16,15,21,0
LOAN000711,4,6,7,9,11,13,13,0
LOAN000712,13,19,25,28,32,7,32,0
LOAN000713,1,1,2,3,3,4,4,0
LOAN000714,11,16,20,23,27,29,29,0
LOAN000715,16,26,76,127,181,226,226,1
LOAN000716,1,2,2,3,3,4,4,0
LOAN000717,1,2,2,3,4,4,4,0
LOAN000718,9,12,14,16,18,20,20,0
LOAN000719,0,0,0,0,0,0,0,0
LOAN000720,114,148,188,241,282,325,325,1
LOAN000721,29,27,26,25,23,22,29,0
LOAN000722,5,6,8,10,13,15,15,0
LOAN000723,7,8,10,11,13,15,15,0
LOAN000724,0,0,0,0,0,0,0,0
LOAN000725,0,0,0,0,0,0,0,0
LOAN000726,8,12,14,18,20,24,24,0
LOAN000727,10,13,16,18,24,26,26,0
LOAN000728,109,150,200,244,282,314,314,1
LOAN000729,7,10,13,17,20,24,24,0
LOAN000730,51,66,84,16,26,36,84,0
LOAN000731,12,5,0,0,0,0,12,0
LOAN000732,12,18,20,26,29,34,34,0
LOAN000733,18,28,38,77,133,191,191,1
LOAN000734,146,194,246,294,333,387,387,1
LOAN000735,150,187,222,261,290,320,320,1
LOAN000736,5,6,8,10,11,13,13,0
LOAN000737,13,15,19,23,26,29,29,0
LOAN000738,0,0,0,0,0,0,0,0
LOAN000739,0,0,0,0,0,0,0,0
LOAN000740,0,0,0,0,0,0,0,0
LOAN000741,0,0,0,0,0,0,0,0
LOAN000742,13,19,22,27,31,36,36,0
LOAN000743,11,13,17,21,25,27,27,0
LOAN000744,0,0,0,0,0,0,0,0
LOAN000745,88,111,136,27,37,59,136,1
LOAN000746,73,106,153,30,54,82,153,1
LOAN000747,53,55,66,96,137,27,137,1
LOAN000748,1,2,2,2,3,4,4,0
LOAN000749,0,0,0,0,0,0,0,0
LOAN000750,9,7,6,4,2,0,9,0
LOAN000751,61,93,18,28,67,102,102,1
LOAN000752,9,14,17,20,24,27,27,0
LOAN000753,77,111,140,169,200,232,232,1
LOAN000754,10,12,17,23,26,29,29,0
LOAN000755,0,0,0,0,0,0,0,0
LOAN000756,3,4,5,6,7,7,7,0
LOAN000757,0,0,0,0,0,0,0,0
LOAN000758,0,0,0,0,0,0,0,0
LOAN000759,122,160,210,241,285,327,327,1
LOAN000760,79,107,145,181,209,245,245,1
LOAN000761,13,16,21,26,30,33,33,0
LOAN000762,115,160,196,39,63,101,196,1
LOAN000763,0,0,0,0,0,0,0,0
LOAN000764,7,5,3,1,0,0,7,0
LOAN000765,12,16,20,24,26,30,30,0
LOAN000766,0,0,0,0,0,0,0,0
LOAN000767,116,149,205,245,280,322,322,1
LOAN000768,6,9,11,13,16,17,17,0
LOAN000769,100,142,182,221,271,314,314,1
LOAN000770,0,0,0,0,0,0,0,0
LOAN000771,0,0,0,0,0,0,0,0
LOAN000772,0,0,0,0,0,0,0,0
LOAN000773,0,0,0,0,0,0,0,0
LOAN000774,11,13,16,19,22,27,27,0
LOAN000775,45,45,59,73,91,110,110,1
LOAN000776,134,171,34,64,91,124,171,1
LOAN000777,0,0,0,0,0,0,0,0
LOAN000778,52,54,39,41,43,46,54,0
LOAN000779,0,0,0,0,0,0,0,0
LOAN000780,5,8,10,13,14,16,16,0
LOAN000781,133,173,224,262,297,329,329,1
LOAN000782,0,0,0,0,0,0,0,0
LOAN000783,36,18,28,37,50,61,61,0
LOAN000784,20,30,56,80,102,129,129,1
LOAN000785,16,20,26,29,35,40,40,0
LOAN000786,61,12,30,45,36,52,61,0
LOAN000787,0,0,0,0,0,0,0,0
LOAN000788,71,87,107,135,154,172,172,1
LOAN000789,114,22,32,66,115,150,150,1
LOAN000790,0,0,0,0,0,0,0,0
LOAN000791,17,13,9,6,4,1,17,0
LOAN000792,10,13,17,20,24,26,26,0
LOAN000793,1,2,2,3,3,4,4,0
LOAN000794,127,160,205,247,280,56,280,1
LOAN000795,5,6,8,10,12,13,13,0
LOAN000796,0,0,0,0,0,0,0,0
LOAN000797,0,0,0,0,0,0,0,0
LOAN000798,24,23,23,23,22,22,24,0
LOAN000799,1,1,2,2,3,3,3,0
LOAN000800,1,1,2,2,3,3,3,0
LOAN000801,16,19,22,29,36,41,41,0
LOAN000802,5,7,10,11,14,15,15,0
LOAN000803,0,0,0,0,0,0,0,0
LOAN000804,12,16,18,21,24,27,27,0
LOAN000805,1,1,2,3,3,3,3,0
LOAN000806,11,13,16,18,22,25,25,0
LOAN000807,0,0,0,0,0,0,0,0
LOAN000808,14,17,21,24,29,36,36,0
LOAN000809,0,0,0,0,0,0,0,0
LOAN000810,13,11,8,6,3,2,13,0
LOAN000811,0,0,0,0,0,0,0,0
LOAN000812,0,0,0,0,0,0,0,0
LOAN000813,27,27,28,28,29,30,30,0
LOAN000814,0,0,0,0,0,0,0,0
LOAN000815,10,14,16,18,20,24,24,0
LOAN000816,0,0,0,0,0,0,0,0
LOAN000817,3,4,5,6,7,9,9,0
LOAN000818,0,0,0,0,0,0,0,0
LOAN000819,0,0,0,0,0,0,0,0
LOAN000820,0,0,0,0,0,0,0,0
LOAN000821,12,6,2,0,0,0,12,0
LOAN000822,19,29,39,38,56,82,82,0
LOAN000823,90,18,28,36,36,56,90,1
LOAN000824,14,23,41,30,43,56,56,0
LOAN000825,100,124,157,186,212,242,242,1
LOAN000826,0,0,0,0,0,0,0,0
LOAN000827,4,3,2,1,0,0,4,0
LOAN000828,28,32,37,43,49,39,49,0
LOAN000829,115,157,31,58,88,17,157,1
LOAN000830,1,1,2,2,3,3,3,0
LOAN000831,128,168,221,271,310,360,360,1
LOAN000832,50,80,113,144,168,195,195,1
LOAN000833,0,0,0,0,0,0,0,0
LOAN000834,0,0,0,0,0,0,0,0
LOAN000835,3,4,4,5,6,7,7,0
LOAN000836,93,143,173,34,40,72,173,1
LOAN000837,0,0,0,0,0,0,0,0
LOAN000838,101,124,155,190,225,255,255,1
LOAN000839,0,0,0,0,0,0,0,0
LOAN000840,0,0,0,0,0,0,0,0
LOAN000841,3,4,4,5,6,7,7,0
LOAN000842,0,0,0,0,0,0,0,0
LOAN000843,5,6,8,10,11,12,12,0
LOAN000844,64,91,113,145,170,190,190,1
LOAN000845,5,7,8,11,13,14,14,0
LOAN000846,9,13,15,17,20,23,23,0
LOAN000847,0,0,0,0,0,0,0,0
LOAN000848,0,0,0,0,0,0,0,0
LOAN000849,12,10,9,8,7,6,12,0
LOAN000850,9,9,9,9,9,9,9,0
LOAN000851,0,0,0,0,0,0,0,0
LOAN000852,12,16,19,24,27,32,32,0
LOAN000853,173,223,284,333,391,438,438,1
LOAN000854,11,8,7,4,2,0,11,0
LOAN000855,0,0,0,0,0,0,0,0
LOAN000856,0,0,0,0,0,0,0,0
LOAN000857,28,38,52,73,100,130,130,1
LOAN000858,0,0,0,0,0,0,0,0
LOAN000859,0,0,0,0,0,0,0,0
LOAN000860,37,44,51,43,48,35,51,0
LOAN000861,0,0,0,0,0,0,0,0
LOAN000862,0,0,0,0,0,0,0,0
LOAN000863,116,158,196,223,254,299,299,1
LOAN000864,10,13,14,17,19,23,23,0
LOAN000865,25,25,25,25,25,25,25,0
LOAN000866,0,0,0,0,0,0,0,0
LOAN000867,136,195,243,313,361,406,406,1
LOAN000868,55,54,54,53,53,52,55,0
LOAN000869,9,11,15,17,21,25,25,0
LOAN000870,98,130,154,30,47,49,154,1
LOAN000871,9,13,15,17,19,22,22,0
LOAN000872,0,0,0,0,0,0,0,0
LOAN000873,25,27,33,37,42,47,47,0
LOAN000874,0,0,0,0,0,0,0,0
LOAN000875,7,11,14,18,22,24,24,0
LOAN000876,92,102,111,22,31,40,111,1
LOAN000877,1,2,2,2,3,3,3,0
LOAN000878,101,136,173,215,260,296,296,1
LOAN000879,0,0,0,0,0,0,0,0
LOAN000880,59,73,95,109,125,154,154,1
LOAN000881,133,172,216,262,294,340,340,1
LOAN000882,28,38,27,37,49,36,49,0
LOAN000883,0,0,0,0,0,0,0,0
LOAN000884,13,23,65,99,134,181,181,1
LOAN000885,2,4,5,6,7,8,8,0
LOAN000886,103,138,173,215,256,288,288,1
LOAN000887,0,0,0,0,0,0,0,0
LOAN000888,32,46,34,48,44,35,48,0
LOAN000889,8,9,11,14,17,20,20,0
LOAN000890,120,142,164,196,221,258,258,1
LOAN000891,7,9,11,13,16,19,19,0
LOAN000892,24,34,42,50,45,55,55,0
LOAN000893,94,116,142,179,210,238,238,1
LOAN000894,3,4,5,7,8,9,9,0
LOAN000895,9,11,15,19,23,26,26,0
LOAN000896,162,32,71,117,150,192,192,1
LOAN000897,74,14,24,34,41,38,74,0
LOAN000898,0,0,0,0,0,0,0,0
LOAN000899,95,138,27,37,70,110,138,1
LOAN000900,2,3,4,5,6,7,7,0
LOAN000901,85,17,27,37,55,57,85,0
LOAN000902,106,21,31,62,108,150,150,1
LOAN000903,1,2,2,3,3,3,3,0
LOAN000904,52,67,83,104,121,136,136,1
LOAN000905,107,129,149,167,190,213,213,1
LOAN000906,0,0,0,0,0,0,0,0
LOAN000907,0,0,0,0,0,0,0,0
LOAN000908,60,91,118,144,174,213,213,1
LOAN000909,0,0,0,0,0,0,0,0
LOAN000910,15,25,60,90,128,25,128,1
LOAN000911,9,12,15,17,21,26,26,0
LOAN000912,0,0,0,0,0,0,0,0
LOAN000913,91,141,184,213,243,292,292,1
LOAN000914,0,0,0,0,0,0,0,0
LOAN000915,6,9,11,12,14,16,16,0
LOAN000916,31,9,15,19,25,31,31,0
LOAN000917,0,0,0,0,0,0,0,0
LOAN000918,0,0,0,0,0,0,0,0
LOAN000919,1,2,2,2,3,3,3,0
LOAN000920,1,1,2,2,3,3,3,0
LOAN000921,12,15,17,22,28,32,32,0
LOAN000922,18,21,23,24,27,32,32,0
LOAN000923,0,0,0,0,0,0,0,0
LOAN000924,11,15,17,22,25,28,28,0
LOAN000925,117,154,194,248,309,346,346,1
LOAN000926,0,0,0,0,0,0,0,0
LOAN000927,37,49,48,40,55,70,70,0
LOAN000928,0,0,0,0,0,0,0,0
LOAN000929,68,87,118,138,27,37,138,1
LOAN000930,4,6,7,9,11,13,13,0
LOAN000931,0,0,0,0,0,0,0,0
LOAN000932,7,9,11,15,17,19,19,0
LOAN000933,0,0,0,0,0,0,0,0
LOAN000934,43,44,45,46,21,21,46,0
LOAN000935,0,0,0,0,0,0,0,0
LOAN000936,0,0,0,0,0,0,0,0
LOAN000937,14,17,21,24,27,32,32,0
LOAN000938,0,0,0,0,0,0,0,0
LOAN000939,85,104,131,149,167,200,200,1
LOAN000940,37,53,48,69,99,121,121,1
LOAN000941,3,4,5,7,8,9,9,0
LOAN000942,33,36,41,20,23,27,41,0
LOAN000943,0,0,0,0,0,0,0,0
LOAN000944,0,0,0,0,0,0,0,0
LOAN000945,0,0,0,0,0,0,0,0
LOAN000946,108,161,32,60,102,145,161,1
LOAN000947,76,102,128,159,190,38,190,1
LOAN000948,0,0,0,0,0,0,0,0
LOAN000949,0,0,0,0,0,0,0,0
LOAN000950,111,134,164,200,226,267,267,1
LOAN000951,1,0,0,0,0,0,1,0
LOAN000952,11,14,15,21,23,28,28,0
LOAN000953,0,0,0,0,0,0,0,0
LOAN000954,1,2,2,2,3,4,4,0
LOAN000955,12,17,20,23,25,30,30,0
LOAN000956,3,4,5,6,7,8,8,0
LOAN000957,117,157,202,247,290,337,337,1
LOAN000958,0,0,0,0,0,0,0,0
LOAN000959,9,14,18,23,26,28,28,0
LOAN000960,0,0,0,0,0,0,0,0
LOAN000961,18,27,32,39,45,52,52,0
LOAN000962,0,0,0,0,0,0,0,0
LOAN000963,0,0,0,0,0,0,0,0
LOAN000964,157,221,261,307,357,416,416,1
LOAN000965,21,31,40,50,58,66,66,0
LOAN000966,13,18,21,25,29,32,32,0
LOAN000967,0,0,0,0,0,0,0,0
LOAN000968,53,74,95,114,131,151,151,1
LOAN000969,3,5,5,7,8,10,10,0
LOAN000970,63,82,103,119,139,169,169,1
LOAN000971,13,19,22,24,30,33,33,0
LOAN000972,3,4,5,6,7,9,9,0
LOAN000973,0,0,0,0,0,0,0,0
LOAN000974,0,0,0,0,0,0,0,0
LOAN000975,9,8,7,6,5,4,9,0
LOAN000976,0,0,0,0,0,0,0,0
LOAN000977,1,1,2,2,3,3,3,0
LOAN000978,1,1,2,2,2,3,3,0
LOAN000979,0,0,0,0,0,0,0,0
LOAN000980,60,102,130,159,199,39,199,1
LOAN000981,0,0,0,0,0,0,0,0
LOAN000982,0,0,0,0,0,0,0,0
LOAN000983,13,16,18,21,25,28,28,0
LOAN000984,118,161,202,251,302,343,343,1
LOAN000985,10,14,18,23,28,32,32,0
LOAN000986,0,0,0,0,0,0,0,0
LOAN000987,0,0,0,0,0,0,0,0
LOAN000988,13,8,2,0,0,0,13,0
LOAN000989,0,0,0,0,0,0,0,0
LOAN000990,0,0,0,0,0,0,0,0
LOAN000991,1,1,2,2,3,3,3,0
LOAN000992,0,0,0,0,0,0,0,0
LOAN000993,113,148,29,60,91,117,148,1
LOAN000994,0,0,0,0,0,0,0,0
LOAN000995,13,16,20,23,27,31,31,0
LOAN000996,28,38,53,46,58,71,71,0
LOAN000997,0,0,0,0,0,0,0,0
LOAN000998,1,2,2,3,3,4,4,0
LOAN000999,0,0,0,0,0,0,0,0
LOAN001000,9,13,15,17,19,22,22,0
LOAN001001,0,0,0,0,0,0,0,0
LOAN001002,1,2,2,3,3,3,3,0
LOAN001003,55,85,120,24,34,57,120,1
LOAN001004,54,72,92,108,123,138,138,1
LOAN001005,61,88,124,151,180,206,206,1
LOAN001006,19,18,16,15,14,12,19,0
LOAN001007,37,19,22,25,29,33,37,0
LOAN001008,0,0,0,0,0,0,0,0
LOAN001009,11,14,17,20,24,28,28,0
LOAN001010,11,16,20,22,24,28,28,0
LOAN001011,0,0,0,0,0,0,0,0
LOAN001012,11,16,20,25,29,35,35,0
LOAN001013,54,35,10,15,18,23,54,0
LOAN001014,1,2,2,3,3,4,4,0
LOAN001015,8,10,13,17,18,22,22,0
LOAN001016,11,14,18,23,28,32,32,0
LOAN001017,3,4,6,7,8,10,10,0
LOAN001018,0,0,0,0,0,0,0,0
LOAN001019,30,21,28,35,30,39,39,0
LOAN001020,0,0,0,0,0,0,0,0
LOAN001021,0,0,0,0,0,0,0,0
LOAN001022,6,0,0,0,0,0,6,0
LOAN001023,28,38,47,44,36,46,47,0
LOAN001024,0,0,0,0,0,0,0,0
LOAN001025,0,0,0,0,0,0,0,0
LOAN001026,0,0,0,0,0,0,0,0
LOAN001027,0,0,0,0,0,0,0,0
LOAN001028,0,0,0,0,0,0,0,0
LOAN001029,14,20,25,29,34,20,34,0
LOAN001030,2,4,5,6,7,8,8,0
LOAN001031,0,0,0,0,0,0,0,0
LOAN001032,142,167,203,232,265,53,265,1
LOAN001033,30,34,38,43,47,51,51,0
LOAN001034,6,9,10,12,15,16,16,0
LOAN001035,0,0,0,0,0,0,0,0
LOAN001036,19,27,36,44,29,36,44,0
LOAN001037,2,3,4,5,6,7,7,0
LOAN001038,36,49,64,80,92,117,117,1
LOAN001039,17,20,22,26,29,32,32,0
LOAN001040,162,202,246,283,331,66,331,1
LOAN001041,111,149,199,253,300,349,349,1
LOAN001042,111,155,189,218,250,276,276,1
LOAN001043,0,0,0,0,0,0,0,0
LOAN001044,0,0,0,0,0,0,0,0
LOAN001045,38,53,69,85,98,113,113,1
LOAN001046,0,0,0,0,0,0,0,0
LOAN001047,10,12,17,22,25,30,30,0
LOAN001048,0,0,0,0,0,0,0,0
LOAN001049,0,0,0,0,0,0,0,0
LOAN001050,0,0,0,0,0,0,0,0
LOAN001051,145,192,233,258,286,325,325,1
LOAN001052,72,111,136,162,189,210,210,1
LOAN001053,0,0,0,0,0,0,0,0
LOAN001054,0,0,0,0,0,0,0,0
LOAN001055,4,6,8,10,11,13,13,0
LOAN001056,9,11,13,18,21,23,23,0
LOAN001057,1,0,0,0,0,0,1,0
LOAN001058,10,15,19,23,29,32,32,0
LOAN001059,6,8,11,14,16,19,19,0
LOAN001060,2,0,0,0,0,0,2,0
LOAN001061,1,2,2,3,3,4,4,0
LOAN001062,5,7,9,11,12,15,15,0
LOAN001063,0,0,0,0,0,0,0,0
LOAN001064,113,153,192,217,251,289,289,1
LOAN001065,0,0,0,0,0,0,0,0
LOAN001066,119,23,33,49,52,69,119,1
LOAN001067,99,129,163,32,66,100,163,1
LOAN001068,0,0,0,0,0,0,0,0
LOAN001069,12,22,33,55,74,100,100,1
LOAN001070,117,161,217,43,87,140,217,1
LOAN001071,0,0,0,0,0,0,0,0
LOAN001072,1,2,2,3,3,4,4,0
LOAN001073,0,0,0,0,0,0,0,0
LOAN001074,12,18,21,24,28,30,30,0
LOAN001075,0,0,0,0,0,0,0,0
LOAN001076,5,8,10,13,16,18,18,0
LOAN001077,4,5,7,8,10,11,11,0
LOAN001078,0,0,0,0,0,0,0,0
LOAN001079,12,11,9,7,4,2,12,0
LOAN001080,67,93,116,148,175,201,201,1
LOAN001081,0,0,0,0,0,0,0,0
LOAN001082,11,17,22,27,32,23,32,0
LOAN001083,84,113,160,209,251,300,300,1
LOAN001084,0,0,0,0,0,0,0,0
LOAN001085,0,0,0,0,0,0,0,0
LOAN001086,171,219,279,337,387,447,447,1
LOAN001087,0,0,0,0,0,0,0,0
LOAN001088,0,0,0,0,0,0,0,0
LOAN001089,0,0,0,0,0,0,0,0
LOAN001090,0,0,0,0,0,0,0,0
LOAN001091,171,211,259,307,344,388,388,1
LOAN001092,99,128,25,35,26,36,128,1
LOAN001093,12,14,19,24,27,33,33,0
LOAN001094,9,11,13,16,19,24,24,0
LOAN001095,0,0,0,0,0,0,0,0
LOAN001096,0,0,0,0,0,0,0,0
LOAN001097,50,53,44,40,62,95,95,1
LOAN001098,0,0,0,0,0,0,0,0
LOAN001099,0,0,0,0,0,0,0,0
LOAN001100,80,16,26,54,63,96,96,1
LOAN001101,6,10,12,14,16,20,20,0
LOAN001102,0,0,0,0,0,0,0,0
LOAN001103,23,31,37,45,52,58,58,0
LOAN001104,156,197,262,307,347,413,413,1
LOAN001105,29,34,39,44,23,28,44,0
LOAN001106,0,0,0,0,0,0,0,0
LOAN001107,106,126,149,180,202,231,231,1
LOAN001108,0,0,0,0,0,0,0,0
LOAN001109,0,0,0,0,0,0,0,0
LOAN001110,2,3,4,5,6,7,7,0
LOAN001111,10,14,20,23,28,34,34,0
LOAN001112,19,25,31,35,40,46,46,0
LOAN001113,10,10,11,12,12,12,12,0
LOAN001114,56,49,67,100,136,167,167,1
LOAN001115,50,51,69,88,17,27,88,0
LOAN001116,17,27,37,76,15,25,76,0
LOAN001117,1,2,2,3,3,4,4,0
LOAN001118,0,0,0,0,0,0,0,0
LOAN001119,4,5,6,7,9,10,10,0
LOAN001120,77,100,138,161,183,221,221,1
LOAN001121,97,19,29,53,83,127,127,1
LOAN001122,110,155,205,249,289,57,289,1
LOAN001123,0,0,0,0,0,0,0,0
LOAN001124,8,11,14,16,17,19,19,0
LOAN001125,8,11,14,17,21,23,23,0
LOAN001126,0,0,0,0,0,0,0,0
LOAN001127,3,0,0,0,0,0,3,0
LOAN001128,188,242,305,363,424,476,476,1
LOAN001129,0,0,0,0,0,0,0,0
LOAN001130,0,0,0,0,0,0,0,0
LOAN001131,30,40,51,59,68,84,84,0
LOAN001132,0,0,0,0,0,0,0,0
LOAN001133,0,0,0,0,0,0,0,0
LOAN001134,0,0,0,0,0,0,0,0
LOAN001135,0,0,0,0,0,0,0,0
LOAN001136,0,0,0,0,0,0,0,0
LOAN001137,38,43,36,40,26,29,43,0
LOAN001138,0,0,0,0,0,0,0,0
LOAN001139,0,0,0,0,0,0,0,0
LOAN001140,0,0,0,0,0,0,0,0
LOAN001141,79,119,144,28,38,60,144,1
LOAN001142,0,0,0,0,0,0,0,0
LOAN001143,11,14,18,22,27,32,32,0
LOAN001144,0,0,0,0,0,0,0,0
LOAN001145,68,93,110,125,142,157,157,1
LOAN001146,1,1,2,3,3,3,3,0
LOAN001147,0,0,0,0,0,0,0,0
LOAN001148,99,129,166,215,43,79,215,1
LOAN001149,0,0,0,0,0,0,0,0
LOAN001150,0,0,0,0,0,0,0,0
LOAN001151,41,45,49,52,55,43,55,0
LOAN001152,0,0,0,0,0,0,0,0
LOAN001153,108,148,179,217,267,310,310,1
LOAN001154,75,107,131,164,196,219,219,1
LOAN001155,0,0,0,0,0,0,0,0
LOAN001156,35,10,14,17,20,23,35,0
LOAN001157,0,0,0,0,0,0,0,0
LOAN001158,129,166,205,241,272,311,311,1
LOAN001159,122,159,203,230,261,302,302,1
LOAN001160,0,0,0,0,0,0,0,0
LOAN001161,96,143,188,224,267,305,305,1
LOAN001162,0,0,0,0,0,0,0,0
LOAN001163,135,179,216,269,53,101,269,1
LOAN001164,155,209,41,98,170,226,226,1
LOAN001165,21,31,37,26,32,39,39,0
LOAN001166,169,225,282,338,384,436,436,1
LOAN001167,13,19,26,28,31,9,31,0
LOAN001168,24,34,73,121,153,190,190,1
LOAN001169,0,0,0,0,0,0,0,0
LOAN001170,20,28,38,44,52,58,58,0
LOAN001171,0,0,0,0,0,0,0,0
LOAN001172,0,0,0,0,0,0,0,0
LOAN001173,0,0,0,0,0,0,0,0
LOAN001174,0,0,0,0,0,0,0,0
LOAN001175,0,0,0,0,0,0,0,0
LOAN001176,1,2,2,2,3,3,3,0
LOAN001177,0,0,0,0,0,0,0,0
LOAN001178,0,0,0,0,0,0,0,0
LOAN001179,0,0,0,0,0,0,0,0
LOAN001180,3,4,5,6,7,8,8,0
LOAN001181,4,6,6,8,9,11,11,0
LOAN001182,3,3,4,5,6,7,7,0
LOAN001183,93,142,187,221,260,303,303,1
LOAN001184,0,0,0,0,0,0,0,0
LOAN001185,1,2,2,3,3,4,4,0
LOAN001186,4,5,7,9,10,11,11,0
LOAN001187,15,18,22,25,29,33,33,0
LOAN001188,7,9,12,14,16,17,17,0
LOAN001189,0,0,0,0,0,0,0,0
LOAN001190,8,10,14,16,17,19,19,0
LOAN001191,11,17,20,24,30,34,34,0
LOAN001192,0,0,0,0,0,0,0,0
LOAN001193,4,6,8,10,10,12,12,0
LOAN001194,4,5,5,6,6,6,6,0
LOAN001195,35,30,24,16,9,5,35,0
LOAN001196,0,0,0,0,0,0,0,0
LOAN001197,44,57,71,14,24,38,71,0
LOAN001198,0,0,0,0,0,0,0,0
LOAN001199,106,130,152,180,208,245,245,1
LOAN001200,0,0,0,0,0,0,0,0
